Date,Wakeup Time,,,Sleep Duration,,,Time Asleep,,,Sleep Score,,Rem,,Final Meal,,Travelling to Work,,Travelling Home,,Variables,
,Wakeup Time,Rolling Average (7d),Rolling Average (14d),Sleep Duration,Rolling Average (7d),Rolling Average (14d),Time Asleep,Rolling Average (7d),Time Asleep (previous night),overall_score,Rolling Average (7d),Amount ,Rolling Average (7d),Time,Rolling Average (7d),Set off Time,Arrival,Set off Time,Arrival,Supplements,
,,,,,,,,,,,,,,,,,,,,,
7/31/2024,,8:02:00 AM,8:19:33 AM,,,,,,,,,,,,,,,,,,
7/30/2024,,7:54:45 AM,8:17:55 AM,,,,,,,,,,,,,,,,,,
7/29/2024,,7:55:48 AM,8:17:18 AM,,,,,,,,,,,,,,,,,,
7/28/2024,,8:11:20 AM,8:23:17 AM,,,,,,,,,,,,,,,,,,
7/27/2024,8:15:00 AM,8:25:00 AM,8:25:40 AM,,,,,,,,,,,,,,,,,,
7/26/2024,8:06:00 AM,8:29:43 AM,8:26:26 AM,,,,,,,,,,,7:30:00 PM,7:15 PM,,,,,,
7/25/2024,7:45:00 AM,8:26:43 AM,8:23:21 AM,6:46:00,7:18:00,7:37:20,1.0118,12:02:00 AM,12:17:00 AM,72,74.5,,,8:30:00 PM,7:00 PM,7:59:00 AM,8:44:00 AM,,,"are late, nicotine after 8, although before 9, didn't try and even get to sleep until after midnight ",
7/24/2024,7:33:00 AM,8:29:09 AM,8:22:21 AM,7:08:00,7:34:00,7:47:00,0.9771,11:48:21 PM,11:27:00 PM,77,77.0,0:35:00,0:52:30,6:45:00 PM,6:37 PM,,,,,,
7/23/2024,8:00:00 AM,8:33:43 AM,8:25:51 AM,8:00:00,8:00:00,8:00:00,0.8958,11:43:01 PM,9:30:00 PM,,,1:10:00,1:10:00,6:15:00 PM,7:03 PM,,,,,,
7/22/2024,9:29:00 AM,8:33:43 AM,8:28:00 AM,,,,1.0222,12:02:21 AM,12:32:00 AM,,,,,,6:45 PM,,,,,,
7/21/2024,9:47:00 AM,8:22:26 AM,8:25:13 AM,,,,1.0389,11:51:11 PM,12:56:00 AM,,,,,,6:30 PM,,,,,,
7/20/2024,8:48:00 AM,8:21:34 AM,8:04:51 AM,,,,,11:39:01 PM,,,,,,,7:20 PM,,,,,,
7/19/2024,7:45:00 AM,8:23:09 AM,8:06:30 AM,,,,1.0625,11:39:01 PM,1:30:00 AM,,,,,6:30:00 PM,7:20 PM,,,,,,
7/18/2024,8:02:00 AM,8:29:30 AM,8:05:13 AM,,,,0.95,11:16:49 PM,11:36:00 PM,,,,,7:00:00 PM,7:30 PM,,,,,,
7/17/2024,8:05:00 AM,8:23:00 AM,8:01:56 AM,,,,0.9549,11:22:15 PM,10:55:00 PM,,,,,8:30:00 PM,7:37 PM,8:25:00,9:10:00 AM,,,,
7/16/2024,8:00:00 AM,8:17:20 AM,7:58:09 AM,,,,0.9764,11:31:20 PM,11:26:00 PM,,,,,5:00:00 PM,7:20 PM,,,,,,
7/15/2024,8:10:00 AM,8:21:00 AM,7:39:21 AM,,,,0.9757,11:34:00 PM,11:25:00 PM,,,,,5:30:00 PM,8:30 PM,12:30:00,13:00:00,,,,
7/14/2024,9:41:00 AM,8:24:20 AM,7:38:21 AM,,,,0.9882,11:43:00 PM,11:43:00 PM,,,,,11:30:00 PM,11:30 PM,,,,,No Nicotine,
7/13/2024,8:59:00 AM,8:15:50 AM,7:32:17 AM,,,,,12:21:00 AM,,,,,,,,,,,,No Nicotine,
7/12/2024,,7:36:20 AM,7:35:56 AM,,,,,12:21:00 AM,,,,,,,,,,,,,
7/11/2024,7:23:00 AM,7:49:51 AM,7:36:56 AM,,,,,12:19:30 AM,,,,,,,,,,,,,
7/10/2024,7:31:00 AM,7:50:26 AM,7:37:56 AM,,,,,12:45:20 AM,,,,,,,,,,,,,
7/11/2024,8:22:00 AM,7:48:17 AM,7:38:28 AM,,,,,12:26:00 AM,,,,,,,,,,,,,
7/10/2024,8:30:00 AM,7:38:17 AM,7:34:50 AM,,,,,12:26:00 AM,,,,,,,,,,,,,
7/9/2024,8:50:00 AM,6:56:26 AM,7:29:49 AM,8:29:00,6:34:34,6:05:36,1.0146,12:05:00 AM,12:21:00 AM,,,,,,,,,,,,
7/8/2024,5:02:00 AM,6:48:43 AM,7:29:00 AM,5:44:00,6:13:26,6:03:22,,12:13:12 AM,11:17:00 PM,,,,,,,,,,,,
7/7/2024,9:11:00 AM,7:16:26 AM,7:58:27 AM,8:00:00,6:21:00,6:06:44,1.0125,12:16:10 AM,12:18:00 AM,,,,,,,,,,,,
7/6/2024,7:27:00 AM,7:22:00 AM,7:57:55 AM,5:50:00,6:04:30,6:04:22,1.0674,12:09:20 AM,1:37:00 AM,,,,,7:00:00 PM,6:03 PM,,,,,,
7/5/2024,7:16:00 AM,7:25:26 AM,8:03:49 AM,7:48:00,6:07:24,6:24:52,0.9778,11:51:30 PM,11:28:00 PM,,,,,,5:22 PM,,,,,,
7/4/2024,7:12:00 AM,7:27:00 AM,8:09:44 AM,6:01:00,5:42:15,6:41:14,,11:51:50 PM,,,,,,,5:18 PM,,,,,,
7/3/2024,3:37:00 AM,7:30:00 AM,8:16:49 AM,4:10:00,5:36:00,7:00:54,0.9451,11:51:50 PM,10:41:00 PM,68,72.3,,,,5:18 PM,,,,,,
7/2/2024,7:56:00 AM,8:28:15 AM,8:43:38 AM,6:01:00,6:19:00,7:20:58,1.0431,12:06:00 AM,1:02:00 AM,75,74.5,0:45:00,0:39:30,6:15:00 PM,5:18 PM,,,,,,
7/1/2024,8:16:00 AM,8:39:00 AM,8:49:44 AM,6:37:00,6:37:00,7:32:52,1.0215,11:52:00 PM,12:31:00 AM,74,74.0,0:34:00,0:34:00,6:00:00 PM,5:03 PM,8:37:00 AM,9:10:00 AM,,,,
6/30/2024,9:50:00 AM,8:47:20 AM,9:02:00 AM,,,,0.9840,11:39:00 PM,11:37:00 PM,,,,,5:00:00 PM,4:45 PM,,,,,,
6/29/2024,7:51:00 AM,8:59:20 AM,8:57:12 AM,,8:07:30,7:40:59,0.9931,11:40:00 PM,11:50:00 PM,,#DIV/0!,,,4:15:00 PM,5:25 PM,,,,,,
6/28/2024,,9:24:00 AM,8:56:30 AM,,7:45:40,7:36:17,0.9792,11:30:00 PM,11:30:00 PM,,80.0,,,5:00:00 PM,5:40 PM,,,,,,
6/27/2024,,9:11:00 AM,8:52:00 AM,,7:40:15,7:35:28,,11:07:00 PM,,,79.0,,,,6:00 PM,,,,,,
6/26/2024,,9:01:00 AM,8:45:50 AM,,7:36:24,7:34:42,,11:16:30 PM,,,76.0,,,,7:25 PM,,,,,,
6/25/2024,,8:55:50 AM,8:43:23 AM,,7:30:20,7:34:32,,11:44:20 PM,,,75.5,,,,7:15 PM,,,,,,
6/24/2024,8:41:00 AM,8:52:26 AM,8:43:43 AM,7:21:00,7:34:51,7:35:25,,11:33:45 PM,,,75.5,,,,7:15 PM,,,,,,
6/23/2024,10:26:00 AM,8:55:34 AM,8:46:56 AM,8:54:00,7:31:51,7:36:11,,11:52:36 PM,,80,76.4,,,7:00:00 PM,6:51 PM,,,,,,
6/22/2024,9:05:00 AM,8:56:17 AM,8:39:18 AM,7:02:00,7:34:34,7:38:01,,11:53:00 PM,,78,75.2,,,5:00:00 PM,6:27 PM,,,,,,
6/21/2024,8:32:00 AM,8:54:50 AM,8:39:37 AM,7:24:00,7:40:00,7:38:06,0.9632,11:53:00 PM,11:07:00 PM,70,75.4,,0:51:15,,6:48 PM,,,,,,
6/20/2024,8:21:00 AM,8:46:50 AM,8:46:32 AM,7:21:00,7:34:50,7:37:24,0.9764,11:57:40 PM,11:26:00 PM,74,76.8,1:06:00,0:49:24,10:15:00 PM,6:48 PM,,,,,,
6/19/2024,8:30:00 AM,8:44:30 AM,8:43:46 AM,7:00:00,7:35:20,7:41:24,1.0278,11:59:40 PM,12:40:00 AM,,76.3,,0:53:00,6:45:00 PM,5:40 PM,,,,,,
6/18/2024,8:32:00 AM,8:35:50 AM,8:43:00 AM,8:02:00,7:36:30,7:47:37,0.9597,11:51:20 PM,11:02:00 PM,80,76.0,0:39:00,0:51:10,,5:35 PM,,,,,,
6/17/2024,9:03:00 AM,8:32:50 AM,8:41:46 AM,7:00:00,7:40:10,7:52:31,1.0472,11:45:50 PM,1:08:00 AM,74,74.8,0:49:00,0:55:30,5:15:00 PM,5:48 PM,9:10:00 AM,9:58:00 AM,,,,
6/16/2024,10:31:00 AM,8:30:20 AM,8:51:09 AM,9:13:00,7:44:40,7:55:11,0.9965,11:35:50 PM,11:55:00 PM,79,76.2,0:51:00,0:52:30,5:00:00 PM,6:26 PM,,,,,,
6/15/2024,,8:19:30 AM,8:46:28 AM,,7:35:10,7:56:47,,11:33:00 PM,,,75.6,,0:52:48,,7:46 PM,,,,,,
6/14/2024,7:44:00 AM,8:19:30 AM,8:45:17 AM,6:53:00,7:35:10,8:00:24,0.9826,11:33:00 PM,11:35:00 PM,72,76.3,0:42:00,0:52:48,,7:46 PM,,,,,,
6/13/2024,8:07:00 AM,8:33:40 AM,8:47:09 AM,7:24:00,8:02:50,8:04:55,0.9847,11:22:00 PM,11:38:00 PM,75,77.2,1:24:00,0:55:30,,7:46 PM,-,-,,,,
6/12/2024,7:38:00 AM,8:52:50 AM,8:47:13 AM,7:07:00,8:18:50,8:02:28,0.9931,11:21:00 PM,11:50:00 PM,74,77.4,0:42:00,0:40:00,6:30:00 PM,7:46 PM,8:06:00 AM,8:58:00 AM,,,,
6/11/2024,8:14:00 AM,8:54:00 AM,8:52:47 AM,8:24:00,8:10:50,7:55:48,0.9368,11:18:30 PM,10:29:00 PM,81,78.4,1:05:00,0:39:20,6:30:00 PM,8:12 PM,8:28:00 AM,9:20:00 AM,,,,
6/10/2024,8:48:00 AM,8:55:00 AM,8:55:46 AM,7:27:00,7:58:50,7:51:44,1.0056,11:29:30 PM,12:08:00 AM,76,77.8,0:31:00,0:25:00,7:45:00 PM,8:07 PM,,,,,,
6/9/2024,9:26:00 AM,8:49:40 AM,8:56:18 AM,8:16:00,7:55:50,7:48:31,0.9847,11:14:40 PM,11:38:00 PM,80,77.3,,0:24:20,10:22:00 PM,8:22 PM,,,,,,
6/8/2024,,9:06:10 AM,8:53:50 AM,,8:00:30,7:48:29,,11:26:00 PM,,,74.3,,0:28:30,,7:18 PM,,,,,,
6/7/2024,9:09:00 AM,9:09:34 AM,8:49:42 AM,9:39:00,8:06:43,7:46:37,0.9368,11:25:51 PM,10:29:00 PM,76,75.4,,0:34:00,,7:18 PM,,,,,,
6/6/2024,10:02:00 AM,9:04:00 AM,8:47:18 AM,9:00:00,7:45:43,7:42:16,0.9806,11:35:17 PM,11:32:00 PM,79,76.4,0:22:00,0:41:30,,7:18 PM,,,,,,
6/5/2024,7:45:00 AM,8:48:00 AM,8:37:18 AM,6:19:00,7:32:09,7:41:46,0.9826,11:37:00 PM,11:35:00 PM,,75.4,,0:50:00,,7:18 PM,,,,,,
6/4/2024,8:20:00 AM,8:51:17 AM,8:40:46 AM,7:12:00,7:42:26,7:44:02,0.9826,11:35:09 PM,11:35:00 PM,74,75.5,0:22:00,0:49:26,6:15:00 PM,7:27 PM,,,,,,
6/3/2024,8:16:00 AM,8:56:26 AM,8:37:51 AM,7:09:00,7:36:17,7:46:03,0.9438,11:49:51 PM,10:39:00 PM,68,76.5,0:29:00,0:49:17,8:30:00 PM,7:48 PM,9:17:00 AM,9:58:00 AM,,,,
6/2/2024,11:05:00 AM,9:03:10 AM,8:38:55 AM,8:44:00,7:55:34,8:01:26,1.0319,11:59:51 PM,12:46:00 AM,80,76.7,0:41:00,0:52:40,7:10:00 PM,7:18 PM,,,,,,
6/1/2024,9:30:00 AM,8:41:30 AM,8:27:00 AM,8:44:00,7:47:30,8:02:25,0.9757,11:52:10 PM,11:25:00 PM,81,76.0,0:56:00,0:55:00,,7:04 PM,,,,,,
5/31/2024,8:30:00 AM,8:31:48 AM,8:22:05 AM,7:12:00,7:36:12,8:05:23,0.9826,11:54:20 PM,11:35:00 PM,74,74.8,1:19:00,0:54:45,7:20:00 PM,7:23 PM,,,,,,
5/30/2024,8:10:00 AM,8:25:48 AM,8:23:28 AM,7:25:00,7:42:15,8:12:41,0.9889,12:28:40 AM,11:44:00 PM,76,75.0,1:13:00,0:46:40,,7:24 PM,,,,,,
5/29/2024,8:08:00 AM,8:31:24 AM,8:22:55 AM,7:31:00,7:48:00,8:22:50,0.9736,12:41:30 AM,11:22:00 PM,80,74.5,0:46:00,0:33:30,8:00:00 PM,7:24 PM,8:30:00 AM,9:28:00 AM,,,,
5/28/2024,8:56:00 AM,8:28:12 AM,8:16:51 AM,6:29:00,7:56:30,8:40:15,1.0542,12:46:20 AM,1:18:00 AM,69,69.0,0:21:00,0:21:00,8:00:00 PM,7:15 PM,,,,,,
5/27/2024,,8:23:00 AM,8:13:28 AM,9:24:00,9:24:00,9:24:00,0.9924,12:30:30 AM,11:49:00 PM,,,,,6:00:00 PM,6:38 PM,,,,,,
5/26/2024,8:55:00 AM,8:16:10 AM,8:13:34 AM,,,,,12:31:10 AM,,,,,,6:00:00 PM,6:51 PM,,,,,,
5/25/2024,,8:12:00 AM,8:13:34 AM,,,,0.9847,12:19:34 AM,11:38:00 PM,,,,,9:00:00 PM,6:31 PM,,,,,,
5/24/2024,8:00:00 AM,8:14:34 AM,8:14:40 AM,,,,1.1257,12:23:00 AM,3:01:00 AM,,,,,,6:08 PM,,,,,,
5/23/2024,8:38:00 AM,8:18:17 AM,8:17:36 AM,,,,1.0424,11:57:34 PM,1:01:00 AM,,,,,,6:13 PM,,,,,,
5/22/2024,7:52:00 AM,8:19:43 AM,8:14:52 AM,,,,0.9938,11:36:26 PM,11:51:00 PM,,,,,,6:50 PM,,,,,,
5/21/2024,8:30:00 AM,8:21:17 AM,8:12:56 AM,,,,0.9882,11:34:00 PM,11:43:00 PM,,,,,5:35:00 PM,6:50 PM,,,,,,
5/20/2024,7:42:00 AM,8:06:51 AM,8:11:04 AM,,,,0.9951,11:36:40 PM,11:53:00 PM,,72.7,,,,7:08 PM,,,,,,
5/19/2024,8:30:00 AM,8:11:09 AM,8:06:32 AM,,,,0.9653,11:39:50 PM,11:10:00 PM,,72.7,,,5:00:00 PM,7:08 PM,,,,,,
5/18/2024,8:30:00 AM,8:09:00 AM,8:10:48 AM,8:27:00,7:27:48,7:13:33,1.0014,11:35:30 PM,12:02:00 AM,,74.0,,,7:50:00 PM,7:51 PM,,,,,,
5/17/2024,8:26:00 AM,8:12:34 AM,8:08:36 AM,,7:10:24,7:10:08,1.0021,11:42:10 PM,12:03:00 AM,76,74.0,,,6:30:00 PM,7:52 PM,,,,,,
5/16/2024,8:48:00 AM,8:13:09 AM,8:08:12 AM,8:55:00,7:09:50,7:10:02,0.9396,11:44:30 PM,10:33:00 PM,77,73.3,,,9:15:00 PM,9:15 PM,,,,,,
5/15/2024,8:03:00 AM,8:12:34 AM,8:05:32 AM,6:10:00,6:58:10,7:10:35,,11:57:40 PM,,65,73.3,,,,1:30 PM,,,,,,
5/14/2024,6:49:00 AM,8:11:43 AM,8:04:52 AM,6:50:00,7:05:50,7:12:20,0.9993,12:00:26 AM,11:59:00 PM,,76.5,,0:46:24,,1:30 PM,7:15:00 AM,8:04:00 AM,,,,
5/13/2024,8:12:00 AM,8:16:34 AM,8:11:36 AM,6:57:00,7:14:40,7:13:23,1.0083,11:46:51 PM,12:12:00 AM,78,78.2,0:38:00,0:47:10,,3:40 PM,,,,,,
5/12/2024,8:15:00 AM,8:15:09 AM,8:11:56 AM,,7:28:10,7:11:49,0.9472,11:23:51 PM,10:44:00 PM,,78.0,,0:48:10,,4:36 PM,,,,,,
5/11/2024,8:55:00 AM,8:00:43 AM,8:14:52 AM,7:00:00,7:03:51,7:07:39,1.0292,11:44:34 PM,12:42:00 AM,73,76.0,0:56:00,0:48:10,,5:20 PM,,,,,,
5/10/2024,8:30:00 AM,8:06:17 AM,8:11:08 AM,7:07:00,7:09:43,7:08:17,1.0118,11:44:51 PM,12:17:00 AM,77,74.2,0:38:00,0:45:30,,5:32 PM,,,,,,
5/9/2024,8:44:00 AM,8:01:34 AM,8:10:20 AM,7:45:00,7:13:43,7:08:27,0.9944,11:34:51 PM,11:52:00 PM,78,74.0,0:42:00,0:49:20,1:30:00 PM,5:32 PM,,,,,,
5/8/2024,7:57:00 AM,7:58:09 AM,8:05:24 AM,6:56:00,7:10:26,7:07:20,1.0118,11:31:00 PM,12:17:00 AM,85,74.0,0:58:00,0:50:50,,6:30 PM,,,,,,
5/7/2024,7:23:00 AM,7:59:43 AM,8:06:36 AM,7:43:00,7:13:09,7:07:02,0.9333,11:30:17 PM,10:24:00 PM,77,72.5,0:51:00,0:49:24,5:50:00 PM,6:35 PM,,,,,,
5/6/2024,8:02:00 AM,8:04:00 AM,8:10:24 AM,8:18:00,7:03:43,7:06:13,0.8965,11:43:34 PM,9:31:00 PM,66,71.6,0:44:00,0:44:12,6:30:00 PM,6:44 PM,,,,,,
5/5/2024,6:34:00 AM,8:08:00 AM,8:12:36 AM,4:38:00,6:59:00,7:09:44,1.0479,11:51:17 PM,1:09:00 AM,62,73.0,,0:44:24,7:30:00 PM,6:54 PM,,,,,,
5/4/2024,9:34:00,8:22:43 AM,8:21:40 AM,7:41:00,7:08:17,7:13:27,1.0306,11:56:26 PM,12:44:00 AM,76,75.8,0:40:00,0:48:30,6:20:00 PM,6:52 PM,,,,,,
5/3/2024,7:57:00 AM,8:17:43 AM,8:14:00 AM,7:35:00,7:10:51,7:19:28,0.9632,11:50:00 PM,11:07:00 PM,78,75.0,1:01:00,0:50:20,,6:24 PM,,,,,,
5/2/2024,8:20:00,8:18:00 AM,8:15:13 AM,7:22:00,7:05:51,7:24:44,0.9757,11:54:43 PM,11:25:00 PM,76,74.0,0:51:00,0:48:12,6:20:00 PM,6:28 PM,,,,,,
5/1/2024,8:08:00,8:17:43 AM,8:13:56 AM,7:15:00,7:08:26,7:25:25,1.0083,11:52:17 PM,12:12:00 AM,,73.0,,0:40:36,7:00:00 PM,6:40 PM,8:52:00 AM,9:20:00 AM,,,,
4/30/2024,7:53:00,8:12:17 AM,8:14:23 AM,6:37:00,7:07:20,7:13:27,0.9979,11:49:00 PM,11:57:00 PM,73,72.0,0:25:00,0:40:36,,6:33 PM,8:07:00 AM,8:54:00 AM,,,,
4/29/2024,8:30:00,8:15:26 AM,8:23:37 AM,7:45:00,7:28:20,7:01:54,0.9340,11:47:00 PM,10:25:00 PM,,71.5,0:45:00,0:41:48,7:20:00 PM,6:35 PM,,,,,,
4/28/2024,8:17:00,8:14:00 AM,8:23:05 AM,5:43:00,7:25:00,6:49:11,1.0729,11:40:50 PM,1:45:00 AM,73,73.3,1:09:00,0:41:00,7:20:00 PM,6:23 PM,-,-,,,,
4/27/2024,8:59:00,8:16:34 AM,8:24:45 AM,7:59:00,7:50:30,6:44:00,0.9993,11:16:00 PM,11:59:00 PM,,73.5,0:51:00,0:31:40,4:00:00 PM,6:14 PM,-,-,,,,
4/26/2024,7:59:00,8:15:17 AM,8:22:20 AM,7:00:00,7:47:40,6:32:49,0.9861,11:05:15 PM,11:40:00 PM,,73.5,,0:22:00,6:50:00 PM,6:41 PM,8:08:00 AM,8:45:00 AM,,,,
4/25/2024,8:18:00,8:12:26 AM,8:19:55 AM,7:40:00,7:10:40,6:22:02,0.9639,11:31:00 PM,11:08:00 PM,70,73.5,0:13:00,0:22:00,7:30:00 PM,6:38 PM,,,,,,
4/24/2024,7:30:00,8:11:30 AM,8:18:45 AM,,5:44:40,6:17:59,,11:35:30 PM,,,68.0,,0:31:00,6:20:00 PM,6:21 PM,8:15:00 AM,8:57:00 AM,,,,
4/23/2024,8:15:00,8:16:50 AM,8:22:30 AM,8:43:00,5:46:30,6:31:57,0.9896,11:55:48 PM,11:45:00 PM,77,68.0,0:31:00,0:21:00,6:45:00 PM,6:22 PM,-,-,,,,
4/22/2024,8:20:00,8:17:12 AM,8:23:45 AM,-,5:59:15,6:46:35,0.9083,11:55:36 PM,9:48:00 PM,,65.0,,,6:00:00 PM,6:00 PM,-,-,,,,
4/21/2024,8:35:00,8:35:48 AM,8:24:35 AM,-,6:48:48,6:54:57,,12:27:30 AM,,,70.0,,,,7:25 PM,-,-,,,,
4/20/2024,8:50:00,8:36:00 AM,8:27:20 AM,-,6:32:10,6:47:13,,12:17:12 AM,,,71.5,,,,7:20 PM,-,-,,,,
4/19/2024,7:39:00,8:32:45 AM,8:22:50 AM,5:09:00,6:32:10,6:45:07,1.0576,12:17:12 AM,1:23:00 AM,59,71.5,,,,7:20 PM,-,-,,,,
4/18/2024,,8:45:30 AM,8:22:05 AM,3:22:00,6:42:20,6:48:11,0.9764,12:00:45 AM,11:26:00 PM,,74.8,,,,7:20 PM,-,-,,,,
4/17/2024,8:02:00,8:30:24 AM,8:19:14 AM,5:52:00,7:22:24,6:53:31,1.0535,12:12:20 AM,1:17:00 AM,71,73.4,0:11:00,0:36:24,,7:20 PM,-,-,,,,
4/16/2024,,8:30:48 AM,8:14:28 AM,9:34:00,7:29:00,6:53:04,0.9889,11:40:00 PM,11:44:00 PM,80,74.0,0:33:00,0:37:24,,7:20 PM,-,-,,,,
4/15/2024,9:53:00,8:28:10 AM,8:21:17 AM,10:07:00,6:57:45,6:50:47,,12:07:00 AM,,76,71.8,0:22:00,0:38:30,7:25:00 PM,7:03 PM,-,-,,,,
4/14/2024,,8:14:20 AM,8:25:30 AM,5:09:00,5:54:40,6:52:58,0.9833,12:07:00 AM,11:36:00 PM,,70.3,,0:44:00,7:15:00 PM,6:52 PM,-,-,,,,
4/13/2024,8:37:00,8:16:34 AM,8:29:48 AM,,6:17:30,7:04:09,,12:38:00 AM,,72,70.3,1:14:00,0:44:00,,6:15 PM,-,-,,,,
4/12/2024,8:30:00,8:21:00 AM,8:28:04 AM,6:10:00,6:53:40,7:12:05,,12:38:00 AM,,68,69.5,0:42:00,0:48:00,,6:10 PM,-,-,,,,
4/11/2024,7:30:00,8:16:09 AM,8:29:24 AM,,7:19:40,7:12:19,,12:19:00 AM,,,78.5,,0:47:40,,5:07 PM,-,-,,,,
4/10/2024,8:04:00,8:16:09 AM,8:30:28 AM,6:25:00,7:19:15,7:08:45,,11:52:40 PM,,71,76.7,0:16:00,0:59:15,,5:07 PM,8:23:00 AM,9:07:00 AM,,,,
4/9/2024,8:15:00,8:13:26 AM,8:29:16 AM,,7:13:00,7:07:51,1.0264,11:45:00 PM,12:38:00 AM,,81.3,,1:01:15,6:30:00 PM,5:40 PM,8:27:00 AM,9:30:00 AM,,,,
4/8/2024,8:30:00 AM,8:02:43 AM,8:30:04 AM,,7:13:00,7:11:29,,11:46:45 PM,,,78.8,,1:01:15,,5:50 PM,,,,,,
4/7/2024,8:30:00 AM,8:14:09 AM,8:38:04 AM,,7:13:00,7:15:37,,11:46:45 PM,,,78.8,,1:01:15,6:00:00 PM,5:56 PM,,,,,,
4/6/2024,9:08:00 AM,8:34:26 AM,8:40:08 AM,8:06:00,7:13:00,7:20:03,,11:46:45 PM,,86,78.8,1:26:00,1:01:15,6:00:00 PM,6:20 PM,,,,,,
4/5/2024,7:56:00 AM,8:37:34 AM,8:33:16 AM,7:28:00,6:55:20,7:24:29,1.0000,11:46:45 PM,12:00:00 AM,73,76.3,0:41:00,0:53:00,2:00:00 PM,6:30 PM,,,,,,
4/4/2024,7:30:00 AM,8:39:43 AM,8:35:32 AM,7:18:00,6:54:40,7:30:56,0.9583,11:47:15 PM,11:00:00 PM,85,78.0,1:34:00,1:04:40,5:05:00 PM,7:32 PM,8:10:00 AM,8:38:00 AM,,,,
4/3/2024,7:45:00 AM,8:51:09 AM,8:35:04 AM,6:00:00,7:13:00,7:37:53,0.9736,11:55:15 PM,11:22:00 PM,71,75.0,0:24:00,0:54:00,8:30:00 PM,7:57 PM,-,-,,,,
4/2/2024,7:00:00 AM,8:51:17 AM,8:39:48 AM,,7:38:20,7:41:52,1.0313,11:54:00 PM,12:45:00 AM,,80.5,,0:56:40,7:30:00 PM,7:57 PM,7:30:00 AM,9:10:00 AM,17:55:00,,,
4/1/2024,9:50:00 AM,8:57:51 AM,8:44:32 AM,,7:42:00,7:40:44,,11:26:15 PM,,,78.7,,0:45:45,6:30:00 PM,7:57 PM,-,-,,,,
3/31/2024,10:52:00 AM,8:46:00 AM,8:47:36 AM,,7:44:00,7:38:27,,11:30:48 PM,,,79.0,,0:45:45,8:45:00 PM,8:05 PM,-,-,,,,
3/30/2024,9:30:00 AM,8:42:51 AM,8:47:40 AM,,7:44:00,7:33:27,,11:33:50 PM,,,78.0,,0:45:45,7:15:00 PM,7:49 PM,-,-,,,,
3/29/2024,8:11:00 AM,8:38:43 AM,8:44:20 AM,7:26:00,7:40:30,7:28:27,1.0014,11:43:17 PM,12:02:00 AM,79,78.0,1:16:00,0:46:36,9:15:00 PM,7:56 PM,-,-,,,,
3/28/2024,8:50:00 AM,8:32:09 AM,8:42:16 AM,8:13:00,7:43:24,7:29:15,0.9806,11:44:09 PM,11:32:00 PM,82,78.0,1:02:00,0:39:15,,7:17 PM,-,-,,,,
3/27/2024,7:46:00 AM,8:29:17 AM,8:38:52 AM,7:16:00,7:40:48,7:29:39,0.9701,11:36:51 PM,11:17:00 PM,75,77.0,0:32:00,0:31:40,8:30:00 PM,7:17 PM,8:14:00 AM,8:49:00 AM,17:34:00,,,
3/26/2024,7:46:00 AM,8:26:00 AM,8:41:36 AM,7:53:00,7:30:24,7:27:38,0.9542,11:44:09 PM,10:54:00 PM,80,77.7,0:13:00,0:41:00,7:30:00 PM,7:05 PM,8:18:00 AM,8:54:00 AM,18:30:00,,,
3/25/2024,8:27:00 AM,8:36:00 AM,8:50:12 AM,7:52:00,7:26:00,7:27:07,0.9924,11:52:30 PM,11:49:00 PM,74,76.5,,1:07:20,7:15:00 PM,7:08 PM,10:35:00 AM,11:10:00 AM,17:47:00,,,
3/24/2024,10:30:00 AM,8:33:43 AM,9:02:24 AM,,7:09:00,7:27:05,0.9924,12:01:00 AM,11:49:00 PM,,76.0,,1:01:00,7:10:00 PM,7:08 PM,,,,,,
3/23/2024,9:01:00 AM,8:34:34 AM,9:02:36 AM,7:23:00,7:09:00,7:29:30,1.0278,12:03:24 AM,12:40:00 AM,79,74.7,0:50:00,1:01:00,,6:54 PM,,,,,,
3/22/2024,7:25:00 AM,8:50:34 AM,8:54:48 AM,,7:46:12,7:31:01,1.0056,11:53:00 PM,12:08:00 AM,,72.5,,1:04:40,6:00:00 PM,6:54 PM,7:58:00 AM,8:33:00 AM,,,,
3/21/2024,8:30:00 AM,9:01:17 AM,8:55:08 AM,8:00:00,7:46:12,7:21:53,0.9451,11:49:15 PM,10:41:00 PM,,72.5,,0:55:45,,7:07 PM,,,,,,
3/20/2024,7:23:00 AM,8:54:09 AM,8:49:24 AM,6:24:00,7:26:36,7:14:30,1.0056,12:16:00 AM,12:08:00 AM,,74.7,1:00:00,0:47:36,7:30:00 PM,7:07 PM,7:35:00 AM,8:33:00 AM,,,,
3/19/2024,8:56:00 AM,8:59:17 AM,8:34:52 AM,7:31:00,7:26:48,7:19:20,,12:21:15 AM,,73,75.0,1:32:00,0:50:12,7:45:00 PM,6:37 PM,,,,,,
3/18/2024,8:11:00 AM,8:55:09 AM,8:33:21 AM,6:27:00,7:25:45,7:16:00,1.0278,12:21:15 AM,12:40:00 AM,72,75.8,0:42:00,0:39:45,7:15:00 PM,6:15 PM,,,,,,
3/17/2024,10:36:00 AM,9:10:00 AM,8:34:43 AM,,7:26:00,7:22:08,,12:48:30 AM,,,77.0,,0:40:30,6:00:00 PM,5:40 PM,,,,,,
3/16/2024,10:53:00 AM,9:17:43 AM,8:19:13 AM,10:29:00,7:19:36,7:22:08,0.9917,1:19:24 AM,11:48:00 PM,,76.8,,0:35:36,,6:30 PM,,,,,,
3/15/2024,8:40:00 AM,9:14:51 AM,8:07:23 AM,,6:42:12,6:55:26,,1:48:12 AM,,79,75.6,0:29:00,0:35:00,,6:30 PM,,,,,,
3/14/2024,7:40:00 AM,9:01:09 AM,7:52:46 AM,6:22:00,6:54:30,6:55:26,1.0194,1:09:20 AM,12:28:00 AM,76,74.8,0:15:00,0:43:00,,6:30 PM,,,,,,
3/13/2024,7:59:00 AM,8:59:43 AM,7:42:23 AM,6:25:00,7:01:00,7:01:00,1.0201,1:17:36 AM,12:29:00 AM,76,75.8,1:13:00,0:48:36,5:30:00 PM,7:03 PM,10:30:00 AM,11:00:00 AM,,,,
3/12/2024,8:27:00 AM,8:51:51 AM,7:29:18 AM,-,7:08:12,7:08:12,,12:56:48 AM,-,-,75.8,-,0:42:48,,,8:31:00 AM,9:09:00 AM,,,,
3/11/2024,9:55:00 AM,8:11:34 AM,7:22:37 AM,6:28:00,7:08:12,7:08:12,1.1035,12:56:48 AM,2:29:00 AM,76,75.8,0:45:00,0:42:48,5:30:00 PM,7:19 PM,10:55:00 AM,11:35:00 AM,,,,
3/10/2024,11:30:00 AM,7:54:20 AM,7:15:46 AM,6:54:00,7:18:15,7:18:15,1.1410,12:33:45 AM,3:23:00 AM,71,75.8,0:16:00,0:42:15,8:30:00 PM,7:46 PM,-,-,,,,
3/9/2024,10:33:00 AM,7:24:20 AM,7:03:28 AM,7:22:00,7:26:20,7:26:20,1.0917,11:37:20 PM,2:12:00 AM,75,77.3,0:32:00,0:51:00,,,-,-,,,,
3/8/2024,7:04:00 AM,6:48:40 AM,6:49:28 AM,7:56:00,7:28:30,7:19:40,0.9132,10:20:00 PM,9:55:00 PM,81,78.5,1:17:00,1:00:30,,,-,-,,,,
3/7/2024,7:30:00 AM,6:45:36 AM,6:53:32 AM,,7:01:00,7:21:20,,10:45:00 PM,,-,76.0,,0:44:00,8:45:00 PM,7:31 PM,8:09:00 AM,8:48:00 AM,,,,
3/6/2024,7:04:00 AM,6:21:36 AM,6:51:14 AM,7:01:00,7:01:00,7:10:30,0.9479,10:45:00 PM,10:45:00 PM,76,76.0,0:44:00,0:44:00,5:45:00 PM,6:55 PM,8:20:00 AM,8:59:00 AM,16:50,,,
3/5/2024,3:45:00 AM,6:01:48 AM,6:50:51 AM,,#DIV/0!,7:12:45,,,-,-,-,-,,8:05:00 PM,8:05 PM,8:36:00 AM,9:13:00 AM,18:05,,,
3/4/2024,-,6:18:36 AM,7:08:37 AM,-,#DIV/0!,7:06:12,,9:30:00 PM,-,-,-,-,,,,,,,,,
3/3/2024,8:30,6:25:30 AM,7:15:00 AM,-,#DIV/0!,6:55:30,,9:22:30 PM,-,-,-,-,,,,,,,,,
3/2/2024,6:59:00 AM,6:24:50 AM,7:15:21 AM,-,7:02:00,6:59:00,,10:18:00 PM,-,-,-,-,,,,,,,,,
3/1/2024,,6:43:20 AM,7:22:13 AM,-,7:31:30,7:03:45,,10:36:45 PM,-,-,75.0,-,,,,,,,,,
2/29/2024,5:30:00 AM,6:50:09 AM,7:21:04 AM,-,7:13:40,7:08:27,,10:48:36 PM,-,-,77.5,-,,,,,,,,,
2/28/2024,5:25:00 AM,7:11:09 AM,7:32:12 AM,-,7:12:45,7:14:54,,10:56:00 PM,-,-,76.0,-,,,,,,,,,
2/27/2024,5:09:00 AM,7:24:43 AM,7:38:12 AM,-,7:06:12,7:12:33,0.8958,11:00:00 PM,9:30:00 PM,-,75.3,-,0:31:48,8:20:00 PM,7:14 PM,,,,,,
2/26/2024,7:00:00 AM,7:40:26 AM,7:44:36 AM,-,6:55:30,7:17:50,0.8854,11:21:00 PM,9:15:00 PM,-,74.2,-,0:32:30,,7:18 PM,,,,,,
2/25/2024,8:26:00 AM,7:45:34 AM,7:53:04 AM,7:02:00,6:59:00,7:14:46,1.0063,11:34:43 PM,12:09:00 AM,75,74.0,0:22:00,0:37:26,5:25:00 PM,7:18 PM,,,,,,
2/24/2024,8:50:00 AM,7:47:17 AM,7:54:16 AM,8:01:00,7:04:00,7:12:05,0.9813,11:33:34 PM,11:33:00 PM,80,74.2,0:56:00,0:38:34,8:30:00 PM,7:29 PM,,,,,,
2/23/2024,7:31:00 AM,7:45:09 AM,7:49:52 AM,6:38:00,7:01:51,7:13:09,0.9833,11:36:26 PM,11:36:00 PM,73,74.0,0:30:00,0:37:51,5:35:00 PM,7:04 PM,8:03:00 AM,8:25:00 AM,,,,
2/22/2024,7:57:00 AM,7:54:17 AM,7:48:32 AM,7:10:00,7:15:26,7:19:32,0.9813,11:33:00 PM,11:33:00 PM,73,75.7,0:43:00,0:43:34,7:05:00 PM,6:43 PM,-,-,,,,
2/21/2024,7:00:00 AM,7:46:51 AM,7:43:32 AM,6:40:00,7:12:26,7:15:42,0.9750,11:30:09 PM,11:24:00 PM,70,77.0,0:08:00,0:44:09,8:30:00 PM,6:07 PM,7:30:00 AM,8:06:00 AM,,,,
2/20/2024,6:59:00 AM,7:57:51 AM,7:46:00 AM,6:02:00,7:26:09,7:22:32,0.9979,11:24:26 PM,11:57:00 PM,73,78.2,0:36:00,0:47:26,8:45:00 PM,5:55 PM,7:35:00 AM,8:17:00 AM,,,,
2/19/2024,7:36:00 AM,7:57:17 AM,7:45:40 AM,7:20:00,7:31:17,7:22:18,0.9521,11:18:09 PM,10:51:00 PM,76,79.5,1:07:00,0:47:00,,5:22 PM,7:52:00 AM,8:37:00 AM,,,,
2/18/2024,8:38:00 AM,7:50:00 AM,7:46:52 AM,7:37:00,7:23:43,7:26:42,1.0007,11:22:09 PM,12:01:00 AM,79,79.0,0:30:00,0:47:17,6:30:00 PM,5:40 PM,-,-,,,,
2/17/2024,8:35:00 AM,7:54:09 AM,7:43:13 AM,7:46:00,7:29:09,7:25:37,0.9951,11:21:43 PM,11:53:00 PM,83,78.7,0:51:00,0:51:26,6:00:00 PM,5:26 PM,-,-,,,,
2/16/2024,8:35:00 AM,7:55:26 AM,7:35:43 AM,8:13:00,7:31:17,7:20:00,0.9667,11:17:43 PM,11:12:00 PM,81,79.0,1:10:00,0:50:00,3:30:00 PM,5:30 PM,-,,,,,
2/15/2024,7:05:00 AM,7:48:09 AM,7:30:26 AM,6:49:00,7:15:09,7:15:35,0.9674,11:27:51 PM,11:13:00 PM,77,78.6,0:47:00,0:45:17,3:30:00 PM,5:58 PM,-,-,,,,
2/14/2024,8:17:00 AM,7:49:00 AM,7:33:26 AM,8:16:00,7:26:34,7:17:20,0.9472,11:15:09 PM,10:44:00 PM,81,76.8,0:31:00,0:41:26,7:15:00 PM,6:32 PM,8:36:00 AM,9:07:00 AM,,,,
2/13/2024,6:55:00 AM,7:35:26 AM,7:24:09 AM,6:38:00,7:07:00,7:14:15,0.9674,11:22:34 PM,11:13:00 PM,73,76.0,0:33:00,0:45:26,5:30:00 PM,6:39 PM,8:09:00 AM,8:47:00 AM,,,,
2/12/2024,6:45:00 AM,7:41:26 AM,7:23:26 AM,6:27:00,7:21:09,7:18:35,0.9715,11:13:26 PM,11:19:00 PM,77,76.0,1:09:00,0:50:51,7:25:00 PM,6:40 PM,6:59:00 AM,7:37:00 AM,,,,
2/11/2024,9:07:00 AM,7:42:43 AM,7:31:47 AM,8:15:00,7:29:09,7:17:55,0.9986,11:12:17 PM,11:58:00 PM,85,77.6,0:59:00,0:47:50,4:55:00 PM,6:29 PM,-,-,,,,
2/10/2024,8:44:00 AM,7:32:17 AM,7:27:39 AM,8:01:00,7:14:34,7:06:55,0.9757,11:15:00 PM,11:25:00 PM,-,75.8,0:41:00,0:46:20,6:30:00 PM,6:34 PM,-,-,,,,
2/9/2024,7:44:00 AM,7:20:20 AM,7:25:04 AM,6:20:00,7:06:50,7:06:35,1.0160,11:13:20 PM,12:23:00 AM,68,75.4,0:37:00,0:47:24,6:45:00 PM,6:42 PM,-,-,,,,
2/8/2024,7:11:00 AM,7:11:20 AM,7:22:47 AM,8:09:00,7:15:10,7:14:05,0.9056,10:54:00 PM,9:44:00 PM,77,77.3,0:20:00,0:48:12,7:30:00 PM,6:53 PM,7:31:00 AM,-,,,,
2/7/2024,6:42:00 AM,7:13:00 AM,7:27:00 AM,5:59:00,7:10:10,7:08:50,0.9833,10:59:00 PM,11:36:00 PM,73,77.3,0:59:00,0:55:15,8:00:00 PM,6:34 PM,7:32:00 AM,8:09:00 AM,,,,
2/6/2024,7:37:00 AM,7:23:50 AM,7:29:00 AM,8:17:00,7:25:20,7:13:25,0.9229,10:55:10 PM,10:09:00 PM,85,78.7,1:11:00,0:53:00,5:35:00 PM,6:11 PM,8:01:00 AM,8:36:00 AM,,,,
2/5/2024,6:54:00 AM,7:08:50 AM,7:27:13 AM,7:23:00,7:05:40,7:07:00,0.9660,11:00:30 PM,11:11:00 PM,-,75.7,,0:49:45,6:10:00 PM,6:16 PM,7:31:00 AM,8:06:00 AM,,,,
2/4/2024,7:54:00 AM,7:07:20 AM,7:31:39 AM,6:33:00,6:52:20,7:02:35,1.0118,11:05:00 PM,12:17:00 AM,74,74.8,0:50:00,0:45:24,5:30:00 PM,6:19 PM,,,,,,
2/3/2024,,7:15:20 AM,7:35:39 AM,-,7:06:20,7:07:05,-,10:58:00 PM,-,-,74.3,-,0:41:24,7:30:00 PM,6:21 PM,,,,,,
2/2/2024,6:50:00 AM,7:23:00 AM,7:31:16 AM,7:10:00,7:12:34,7:09:46,0.9354,11:08:00 PM,10:27:00 PM,77,75.8,0:41:00,0:41:24,8:00:00 PM,6:10 PM,7:02:00 AM,7:36:00 AM,,,,
2/1/2024,7:21:00 AM,7:34:09 AM,7:30:16 AM,7:39:00,7:12:00,7:12:51,0.9264,11:25:43 PM,10:14:00 PM,-,75.5,,0:38:24,5:15:00 PM,5:32 PM,7:41:00 AM,8:06:00 AM,6:10:00 PM,7:10:00 PM,,
1/31/2024,7:47:00 AM,7:32:51 AM,7:30:04 AM,7:30:00,7:05:34,7:10:40,0.9674,11:35:26 PM,11:13:00 PM,76,76.0,0:50:00,0:36:40,5:20:00 PM,5:55 PM,,,,,,
1/30/2024,6:07:00 AM,7:36:09 AM,7:28:32 AM,6:19:00,7:01:17,7:09:55,0.9451,11:39:51 PM,10:41:00 PM,72,76.2,0:58:00,0:34:00,6:10:00 PM,5:52 PM,7:44:00 AM,8:08:00 AM,,,,
1/29/2024,6:45:00 AM,7:45:09 AM,7:30:04 AM,6:03:00,7:02:51,7:17:30,0.9847,11:44:09 PM,11:38:00 PM,72,76.8,0:28:00,0:35:36,6:30:00 PM,6:15 PM,7:39:00 AM,8:10:00 AM,15:44,16:15,,
1/28/2024,8:42:00 AM,7:49:00 AM,7:40:52 AM,7:57:00,7:14:51,7:24:15,0.9826,11:34:26 PM,11:35:00 PM,82,76.8,0:30:00,0:41:12,5:45:00 PM,6:08 PM,-,-,,,,
1/27/2024,8:09:00 AM,7:42:26 AM,7:40:04 AM,7:50:00,7:12:43,7:21:40,1.0056,11:33:19 PM,12:08:00 AM,,75.6,-,0:47:00,6:15:00 PM,6:10 PM,-,-,,,,
1/26/2024,8:08:00 AM,7:48:17 AM,7:35:36 AM,7:06:00,7:12:43,7:16:40,1.0215,11:29:36 PM,12:31:00 AM,78,76.3,0:26:00,0:44:40,3:30:00 PM,6:00 PM,8:15:00 AM,8:51:00 AM,,,,
1/25/2024,7:12:00 AM,7:34:17 AM,7:32:28 AM,6:54:00,7:13:50,7:24:00,0.9736,11:12:36 PM,11:22:00 PM,77,76.7,0:28:00,0:48:24,8:00:00 PM,5:38 PM,7:36:00 AM,8:05:00 AM,,,Qualia Mind,
1/24/2024,8:10:00 AM,7:29:00 AM,7:31:12 AM,7:00:00,7:18:20,7:29:10,0.9889,11:02:27 PM,11:44:00 PM,75,76.6,-,0:53:30,5:00:00 PM,4:47 PM,-,-,,,,
1/23/2024,7:10:00 AM,7:21:34 AM,7:27:20 AM,6:30:00,7:26:40,7:28:25,0.9660,10:52:10 PM,11:11:00 PM,72,77.0,1:06:00,0:53:30,8:45:00 PM,4:34 PM,7:26:00 AM,7:53:00 AM,-,-,Melatonin,
1/22/2024,7:12:00 AM,7:23:34 AM,7:26:48 AM,7:27:00,7:35:40,7:28:15,0.9375,10:50:19 PM,10:30:00 PM,76,78.7,0:56:00,0:49:45,5:45:00 PM,3:49 PM,7:41:00 AM,8:17:00 AM,5:38:00 PM,,Melatonin,
1/21/2024,7:56:00 AM,7:17:34 AM,7:39:00 AM,7:42:00,7:35:30,7:24:55,0.9772,10:44:19 PM,11:20:00 PM,80,79.7,0:59:00,0:46:30,6:00:00 PM,3:42 PM,-,-,,,,
1/20/2024,8:50:00 AM,7:30:34 AM,7:37:47 AM,7:50:00,7:26:50,7:21:45,0.9875,11:05:00 PM,11:42:00 PM,80,77.7,0:33:00,0:46:15,5:00:00 PM,3:44 PM,-,-,,,,
1/19/2024,6:30:00 AM,7:27:43 AM,7:33:09 AM,7;30:00,7:34:10,7:19:11,0.9389,10:58:09 PM,10:32:00 PM,-,77.7,-,0:55:00,1:00:00 PM,3:59 PM,6:58:00 AM,7:41:00 AM,4:15:00 PM,,,
1/18/2024,6:35:00 AM,7:32:17 AM,7:39:17 AM,7:21:00,7:37:17,7:19:11,0.9243,10:55:09 PM,10:11:00 PM,-,79.0,-,0:57:12,2:00:00 PM,4:33 PM,7:24:00 AM,7:50:00 AM,6:20:00 PM,,,
1/17/2024,7:18:00 AM,7:38:51 AM,7:45:09 AM,7:50:00,7:30:10,7:18:12,0.9389,11:07:34 PM,10:32:00 PM,-,79.6,-,0:56:10,3:30:00 PM,5:14 PM,7:31:00 AM,8:04:00 AM,5:20:00 PM,,,
1/16/2024,7:24:00 AM,7:35:17 AM,7:51:00 AM,7:24:00,7:21:17,7:19:38,0.9569,11:16:09 PM,10:58:00 PM,79,79.3,0:51:00,1:00:00,3:30:00 PM,5:42 PM,7:34:00 AM,8:05:00 AM,,,,
1/15/2024,6:30:00 AM,7:33:34 AM,8:00:00 AM,7:26:00,7:16:00,7:15:05,0.9083,11:18:51 PM,9:48:00 PM,74,78.8,0:43:00,1:03:09,5:00:00 PM,6:22 PM,-,-,-,-,Melatonin,
1/14/2024,9:27:00 AM,7:38:09 AM,8:15:00 AM,6:50:00,7:12:51,7:11:33,1.0778,11:29:09 PM,1:52:00 AM,80,79.5,0:58:00,1:04:34,6:10:00 PM,6:30 PM,-,-,-,-,,
1/13/2024,8:30:00 AM,7:45:00 AM,8:17:43 AM,8:34:00,7:16:40,7:09:33,0.9542,11:17:34 PM,10:54:00 PM,83,79.2,1:08:00,1:04:09,6:45:00 PM,6:20 PM,-,-,-,-,,
1/12/2024,7:02:00 AM,7:37:30 AM,8:25:39 AM,7:56:00,7:01:12,6:59:33,0.9243,11:21:30 PM,10:11:00 PM,82,76.8,1:06:00,1:03:30,5:00:00 PM,6:30 PM,7:46:00 AM,8:19:00 AM,5:35:00 PM,,,
1/11/2024,7:21:00 AM,7:44:40 AM,8:40:04 AM,6:51:00,6:58:24,6:59:00,0.9847,11:25:00 PM,11:38:00 PM,78,75.8,0:51:00,1:02:30,6:45:00 PM,7:05 PM,7:53:00 AM,8:22:00 AM,5:35:00 PM,6:10:00 PM,Melatonin,
1/10/2024,6:53:00 AM,7:50:30 AM,8:54:26 AM,6:28:00,7:07:00,7:04:00,0.9806,11:23:50 PM,11:32:00 PM,76,75.2,1:23:00,1:04:30,6:45:00 PM,7:00 PM,7:34:00 AM,8:08:00 AM,5:11:00 PM,6:00:00 PM,,"no nicotine, nonut "
1/9/2024,7:12:00 AM,8:01:10 AM,9:07:04 AM,6:47:00,7:08:12,7:11:00,0.9701,11:33:40 PM,11:17:00 PM,78,75.4,1:13:00,1:00:48,8:15:00 PM,6:45 PM,7:36:00 AM,8:29:00 AM,6:10:00 PM,,Melatonin,"no nicotine, nonut "
1/8/2024,7:02:00 AM,8:15:50 AM,9:15:47 AM,7:04:00,7:08:12,7:15:49,0.9583,11:47:20 PM,11:00:00 PM,78,74.8,0:53:00,0:51:48,5:50:00 PM,6:35 PM,7:48:00 AM,8:24:00 AM,,,,"Blue Light Glasses, nonut"
1/7/2024,10:15:00 AM,8:40:30 AM,9:20:17 AM,,7:01:00,7:18:44,1.0215,12:20:00 AM,12:31:00 AM,69,73.0,0:55:00,0:50:24,5:00:00 PM,6:42 PM,-,-,,,Melatonin,No nut
1/6/2024,,8:38:00 AM,9:11:43 AM,,6:58:10,7:18:44,,12:35:00 AM,,,73.5,,0:41:00,8:00:00 PM,7:03 PM,-,-,,,,
1/5/2024,7:45:00 AM,8:50:26 AM,9:08:48 AM,7:42:00,7:05:34,7:18:45,0.9389,12:33:26 AM,10:32:00 PM,75,73.0,1:00:00,0:40:20,9:00:00 PM,6:48 PM,-,-,,,,
1/4/2024,7:56:00 AM,9:12:43 AM,9:08:44 AM,7:34:00,7:06:09,7:17:30,0.9799,12:59:09 AM,11:31:00 PM,77,72.5,1:03:00,0:36:00,6:15:00 PM,6:05 PM,-,-,,,,Blue Light Glasses
1/3/2024,7:57:00 AM,9:33:51 AM,9:19:16 AM,6:34:00,7:07:43,7:20:45,1.0215,1:15:00 AM,12:31:00 AM,-,73.3,-,0:28:20,5:00:00 PM,6:00 PM,-,-,,,,Blue Light Glasses
1/2/2024,8:40:00 AM,9:57:26 AM,9:25:09 AM,6:47:00,7:17:09,7:21:05,1.0271,1:27:17 AM,12:39:00 AM,71,73.8,0:28:00,0:31:26,7:00:00 PM,7:00 PM,-,-,,,,
1/1/2024,9:30:00 AM,10:07:26 AM,9:28:37 AM,6:28:00,7:24:09,7:29:55,1.0944,1:28:43 AM,2:16:00 AM,71,74.0,0:46:00,0:32:26,-,-,-,-,,,,
12/31/2023,10:00:00 AM,10:05:09 AM,9:10:18 AM,6:44:00,7:33:30,7:35:33,1.0840,1:20:50 AM,2:01:00 AM,71,75.0,0:08:00,0:30:10,-,-,-,-,,,,
12/30/2023,10:05:00 AM,9:48:43 AM,9:03:37 AM,7:50:00,7:39:20,7:40:42,1.0167,12:55:30 AM,12:24:00 AM,-,76.0,0:37:00,0:33:10,-,5:30 PM,-,-,,,,
12/29/2023,10:21:00 AM,9:33:00 AM,8:53:51 AM,7:46:00,7:35:30,7:26:00,1.0639,12:48:20 AM,1:32:00 AM,80,75.8,0:34:00,0:35:10,-,5:45 PM,-,-,,,,
12/28/2023,10:24:00 AM,9:16:51 AM,8:41:51 AM,7:45:00,7:40:00,7:31:54,1.0569,12:20:00 AM,1:22:00 AM,76,75.4,0:17:00,0:37:50,-,6:01 PM,-,-,,,,
12/27/2023,10:42:00 AM,8:54:00 AM,8:30:32 AM,7:40:00,7:28:50,7:36:42,1.0813,12:05:30 AM,1:57:00 AM,72,76.2,0:50:00,0:39:10,-,5:58 PM,-,-,,,,
12/26/2023,9:50:00 AM,8:52:51 AM,8:10:32 AM,7:36:00,7:37:40,7:33:24,1.0340,11:47:30 PM,12:49:00 AM,76,77.0,0:35:00,0:36:30,-,5:52 PM,-,-,,,,
12/25/2023,9:14:00 AM,8:43:20 AM,7:59:51 AM,,7:38:00,7:36:00,,11:35:12 PM,,-,77.4,-,0:36:48,-,5:52 PM,-,-,,,,
12/24/2023,8:05:00 AM,8:37:12 AM,7:57:05 AM,7:19:00,7:38:00,7:34:16,0.9785,11:35:12 PM,11:29:00 PM,75,77.4,0:26:00,0:36:48,5:30:00 PM,5:52 PM,-,-,,,-,
12/23/2023,8:15:00 AM,8:06:36 AM,8:00:55 AM,7:27:00,7:14:48,7:29:38,0.9868,11:28:48 PM,11:41:00 PM,78,78.0,0:49:00,0:34:36,6:00:00 PM,5:58 PM,-,-,,,-,
12/22/2023,8:28:00 AM,8:10:12 AM,8:01:55 AM,8:13:00,7:30:24,7:30:16,0.9458,11:16:00 PM,10:42:00 PM,80,75.8,0:50:00,0:42:00,6:35:00 PM,5:50 PM,-,-,,,,
12/21/2023,7:44:00 AM,8:04:12 AM,8:01:28 AM,6:38:00,7:34:24,7:28:00,0.9965,11:10:00 PM,11:55:00 PM,76,77.0,0:25:00,0:42:12,5:47:00 PM,5:34 PM,8:34:00 AM,9:05:00 AM,,,Lions mane ,
12/20/2023,10:34:00 AM,8:04:24 AM,8:01:09 AM,8:33:00,7:40:12,7:32:55,1.0063,11:01:36 PM,12:09:00 AM,78,77.8,0:34:00,0:48:48,5:30:00 PM,5:48 PM,-,-,,,-,
12/19/2023,-,7:33:00 AM,7:44:51 AM,-,7:34:00,7:22:55,-,10:43:24 PM,-,-,77.0,-,0:51:12,-,6:11 PM,-,-,,,-,
12/18/2023,-,7:21:10 AM,7:46:39 AM,-,7:31:10,7:20:05,-,10:39:50 PM,-,-,78.0,-,0:49:20,-,6:08 PM,-,-,,,-,
12/17/2023,5:32:00 AM,7:22:34 AM,8:01:00 AM,5:23:00,7:22:09,7:19:42,0.9563,10:51:43 PM,10:57:00 PM,69,77.5,0:15:00,0:46:00,-,6:19 PM,-,-,,,-,
12/16/2023,8:33:00 AM,7:49:09 AM,8:19:00 AM,8:45:00,7:40:51,7:22:42,0.9424,11:01:51 PM,10:37:00 PM,85,77.7,1:26:00,0:48:34,5:30:00 PM,6:55 PM,-,-,,,"Lions Mane, CBD ",
12/15/2023,7:58:00 AM,7:52:17 AM,8:18:00 AM,8:33:00,7:32:43,7:25:00,0.9250,11:13:09 PM,10:12:00 PM,79,76.0,0:51:00,0:41:00,5:30:00 PM,7:29 PM,-,-,,,"Lions Mane, CBD ",
12/14/2023,7:45:00 AM,7:56:34 AM,8:15:39 AM,7:07:00,7:24:00,7:26:28,0.9674,11:26:26 PM,11:13:00 PM,75,76.3,0:58:00,0:38:26,6:45:00 PM,8:03 PM,8:10:00 AM,8:40:00 AM,,,"Lions Mane, CBD ",
12/13/2023,7:57:00 AM,8:01:51 AM,8:14:26 AM,8:02:00,7:20:34,7:28:05,0.9431,11:37:43 PM,10:38:00 PM,82,76.2,0:46:00,0:33:51,7:00:00 PM,8:07 PM,-,-,,,None,
12/12/2023,6:22:00 AM,7:59:26 AM,8:13:13 AM,7:17:00,7:10:09,7:15:00,0.9319,11:44:00 PM,10:22:00 PM,75,74.5,0:40:00,0:36:26,5:55:00 PM,8:03 PM,7:14:00 AM,7:48:00 AM,,,"Lions Mane, CBD",
12/11/2023,7:31:00 AM,8:05:09 AM,8:17:47 AM,6:28:00,7:09:51,7:05:25,1.0021,11:49:00 PM,12:03:00 AM,70,74.3,0:26:00,0:40:51,7:15:00 PM,8:40 PM,8:15:00 AM,8:50:00 AM,,,"Lions Mane, CBD",
12/10/2023,8:38:00 AM,8:10:43 AM,8:22:13 AM,7:34:00,7:06:09,7:07:10,1.0056,11:57:43 PM,12:08:00 AM,75,75.3,0:33:00,0:43:34,10:30:00 PM,8:33 PM,-,-,,,None,
12/9/2023,8:55:00 AM,8:34:09 AM,8:23:13 AM,7:48:00,7:20:34,7:00:40,0.9972,12:04:26 AM,11:56:00 PM,81,74.8,0:33:00,0:42:17,9:30:00 PM,8:05 PM,-,-,,,None,
12/8/2023,8:28:00 AM,8:43:43 AM,8:13:09 AM,7:32:00,7:29:43,7:00:25,0.9896,12:03:26 AM,11:45:00 PM,74,75.5,0:33:00,0:43:50,9:30:00 PM,7:31 PM,,-,,,Lions Mane,
12/7/2023,8:22:00 AM,8:46:20 AM,8:05:39 AM,6:43:00,7:29:20,7:03:45,1.0222,12:06:30 AM,12:32:00 AM,72,76.3,0:26:00,0:46:00,7:15:00 PM,7:11 PM,8:35:00 AM,9:20:00 AM,,,Slept at the GF's,
12/6/2023,7:40:00 AM,8:36:50 AM,7:59:30 AM,6:49:00,7:16:20,7:03:35,0.9736,12:13:20 AM,11:22:00 PM,74,77.2,1:04:00,0:46:12,6:30:00 PM,7:11 PM,8:02:00 AM,8:35:00 AM,,,"Lions Mane, CBD",
12/5/2023,7:02:00 AM,8:34:50 AM,7:56:39 AM,7:15:00,7:01:50,7:01:50,0.9563,12:33:00 AM,10:57:00 PM,76,75.6,1:11:00,0:41:00,10:10:00 PM,7:21 PM,8:00:00 AM,8:39:00 AM,,,"Lions Mane, CBD",
12/4/2023,8:10:00 AM,8:41:10 AM,7:59:51 AM,6:02:00,6:57:30,7:02:40,1.0444,12:34:40 AM,1:04:00 AM,72,73.6,0:45:00,0:40:12,6:30:00 PM,6:25 PM,8:35:00 AM,9:15:00 AM,,,Lions Mane,
12/3/2023,11:22:00 AM,8:33:50 AM,8:03:04 AM,9:15:00,6:59:50,7:06:50,1.0382,12:26:20 AM,12:55:00 AM,85,74.4,0:24:00,0:49:48,7:15:00 PM,6:18 PM,-,-,,,"Lions Mane, CBD",
12/2/2023,10:02:00 AM,8:05:40 AM,7:47:00 AM,8:52:00,6:44:50,6:54:50,0.9924,12:11:50 AM,11:49:00 PM,79,72.8,,0:52:12,5:30:00 PM,5:56 PM,-,-,,,Lions Mane,
12/1/2023,-,7:54:00 AM,7:30:00 AM,-,6:38:10,6:53:20,-,12:04:50 AM,-,-,72.6,-,0:46:40,-,6:11 PM,-,-,,,,
11/30/2023,7:25:00 AM,7:42:34 AM,7:20:00 AM,5:25:00,6:38:34,6:55:09,1.0507,11:56:26 PM,1:13:00 AM,66,73.3,0:27:00,0:49:51,-,6:08 PM,-,-,,,,
11/29/2023,7:28:00 AM,7:36:34 AM,7:22:24 AM,5:22:00,6:47:34,7:04:46,1.0556,11:44:09 PM,1:20:00 AM,66,75.3,0:38:00,0:52:43,-,6:24 PM,-,-,,,,
11/28/2023,7:40:00 AM,7:32:00 AM,7:25:08 AM,6:49:00,7:05:09,7:00:46,0.9632,11:18:51 PM,11:59:00 PM,76,76.2,1:07:00,0:54:17,-,6:23 PM,-,-,,,,
11/27/2023,7:26:00 AM,7:26:17 AM,7:26:52 AM,6:16:00,7:05:34,7:09:55,1.0097,11:20:34 PM,12:14:00 AM,77,76.3,1:33:00,0:49:26,6:10:00 PM,6:41 PM,8:20:00 AM,8:59:00 AM,,,CBD,
11/26/2023,8:33:00 AM,7:29:17 AM,7:29:08 AM,7:45:00,7:10:34,7:15:09,0.9778,11:18:00 PM,11:28:00 PM,78,76.0,0:36:00,0:41:00,6:10:00 PM,6:50 PM,-,-,,,,
11/25/2023,8:52:00 AM,7:32:26 AM,7:26:56 AM,8:12:00,7:17:34,7:12:23,0.9632,11:18:00 PM,11:07:00 PM,77,75.5,0:19:00,0:42:26,6:15:00 PM,6:42 PM,-,-,,,,
11/24/2023,6:34:00 AM,7:21:43 AM,7:22:48 AM,6:41:00,7:09:43,7:09:28,0.9625,11:20:17 PM,11:06:00 PM,78,76.3,1:09:00,0:43:51,6:00:00 PM,6:47 PM,8:05:00 AM,8:54:00 AM,,,,
11/23/2023,6:43:00 AM,7:17:26 AM,7:29:44 AM,6:28:00,7:16:43,7:12:55,0.9910,11:07:17 PM,11:47:00 PM,71,76.3,0:47:00,0:43:26,7:25:00 PM,6:57 PM,7:50:00 AM,8:22:00 AM,,,,
11/22/2023,6:56:00 AM,7:02:43 AM,7:35:28 AM,7:25:00,6:59:51,7:16:28,0.9326,11:08:34 PM,10:23:00 PM,77,77.5,0:49:00,0:40:00,6:20:00 PM,7:03 PM,7:58:00 AM,8:32:00 AM,,,,
11/21/2023,7:00:00 AM,7:12:00 AM,7:40:52 AM,6:52:00,7:11:43,7:17:32,0.9715,11:08:09 PM,11:19:00 PM,75,74.7,0:33:00,0:39:51,8:30:00 PM,7:11 PM,8:10:00 AM,8:51:00 AM,,,,
11/20/2023,7:47:00 AM,7:21:51 AM,7:45:52 AM,6:51:00,7:16:17,7:20:37,0.9972,11:10:43 PM,11:56:00 PM,75,75.7,0:34:00,0:44:43,7:10:00 PM,6:44 PM,8:40:00 AM,9:09:00 AM,,,,
11/19/2023,8:55:00 AM,7:24:34 AM,7:50:28 AM,8:34:00,7:18:51,7:20:23,0.9778,11:06:51 PM,11:28:00 PM,82,76.3,0:46:00,0:43:51,5:20:00 PM,6:57 PM,-,-,,,,
11/18/2023,7:37:00 AM,7:16:43 AM,7:51:48 AM,7:17:00,7:10:17,7:09:00,0.9743,11:02:51 PM,11:23:00 PM,78,75.5,0:29:00,0:41:26,-,7:21 PM,-,-,,,,
11/17/2023,6:04:00 AM,7:20:00 AM,7:54:32 AM,7:30:00,7:11:34,7:09:37,0.8993,11:06:17 PM,9:35:00 PM,78,75.2,1:06:00,0:47:17,-,7:05 PM,-,-,,,,
11/16/2023,5:00:00 AM,7:35:09 AM,8:03:28 AM,4:30:00,7:09:17,7:18:05,0.9972,11:20:09 PM,11:56:00 PM,60,75.8,0:23:00,0:47:09,7:55:00 PM,7:05 PM,6:30:00 AM,7:13:00 AM,,,,
11/15/2023,8:01:00 AM,8:03:26 AM,8:16:28 AM,8:48:00,7:36:17,7:34:09,0.9306,11:15:00 PM,10:20:00 PM,81,78.5,0:48:00,0:49:34,7:00:00 PM,7:00 PM,8:19:00 AM,8:50:00 AM,,,,
11/14/2023,8:09:00 AM,8:04:34 AM,8:15:48 AM,7:24:00,7:25:26,7:26:37,0.9840,11:24:17 PM,11:37:00 PM,79,77.7,1:07:00,0:47:00,6:15:00 PM,7:00 PM,-,-,,,,
11/13/2023,8:06:00 AM,8:05:43 AM,8:15:52 AM,7:09:00,7:20:17,7:27:51,0.9785,11:29:26 PM,11:29:00 PM,77,77.2,0:28:00,0:48:00,8:15:00 PM,7:18 PM,,,,,|,
11/12/2023,8:00:00 AM,8:07:00 AM,8:17:12 AM,7:34:00,7:11:17,7:27:42,0.9583,11:45:51 PM,11:00:00 PM,76,76.2,0:29:00,0:49:09,-,7:07 PM,,,,,|,
11/11/2023,8:00:00 AM,8:15:00 AM,8:23:12 AM,7:26:00,7:10:00,7:27:32,0.9910,11:55:26 PM,11:47:00 PM,82,75.2,1:10:00,0:50:09,6:00:00 PM,7:18 PM,,,,,|,
11/10/2023,7:50:00 AM,8:25:43 AM,8:22:24 AM,7:14:00,7:26:17,7:25:42,0.9667,11:44:43 PM,11:12:00 PM,76,74.0,1:05:00,0:46:17,-,7:22 PM,,,,,Quit Nicotine,
11/9/2023,8:18:00 AM,8:29:43 AM,8:24:44 AM,7:39:00,7:32:43,7:26:55,0.9722,11:41:51 PM,11:20:00 PM,76,74.7,0:40:00,0:42:43,7:30:00 PM,7:28 PM,,,,,,
11/8/2023,8:09:00 AM,8:29:43 AM,8:24:28 AM,7:32:00,7:28:34,7:22:09,0.9757,11:49:00 PM,11:25:00 PM,76,74.5,0:30:00,0:46:26,-,7:28 PM,,,,,,
11/7/2023,8:17:00 AM,8:30:34 AM,8:24:48 AM,6:48:00,7:29:43,7:19:46,1.0090,11:44:51 PM,12:13:00 AM,71,74.8,1:14:00,0:55:17,7:30:00 PM,7:28 PM,,,,,,
11/6/2023,8:15:00 AM,8:26:51 AM,8:28:40 AM,6:06:00,7:32:26,7:17:05,1.0583,11:40:43 PM,1:24:00 AM,70,75.3,0:36:00,0:48:00,7:30:00 PM,7:27 PM,,,,,,
11/5/2023,8:56:00 AM,8:26:09 AM,8:35:24 AM,7:25:00,7:44:43,7:23:09,1.0049,11:25:00 PM,12:07:00 AM,75,76.5,0:36:00,0:53:34,8:00:00 PM,7:26 PM,,,,,,
11/4/2023,9:15:00 AM,8:21:51 AM,8:33:32 AM,9:20:00,7:41:26,7:22:46,0.9389,11:27:26 PM,10:32:00 PM,80,77.3,0:43:00,0:57:09,6:20:00 PM,8:16 PM,,,,,,
11/3/2023,8:18:00 AM,8:24:00 AM,8:30:42 AM,7:59:00,7:25:43,7:14:05,0.9528,11:36:40 PM,10:52:00 PM,75,76.8,0:40:00,0:59:30,8:00:00 PM,9:15 PM,,,,,,
11/2/2023,8:18:00 AM,8:19:43 AM,8:32:28 AM,7:10:00,7:14:00,7:07:42,1.0069,11:52:50 PM,12:10:00 AM,78,77.2,1:06:00,1:00:50,-,10:30 PM,,,,,,
11/1/2023,8:15:00 AM,8:20:43 AM,8:28:50 AM,7:40:00,7:12:43,7:07:51,0.9556,11:53:30 PM,10:56:00 PM,74,76.8,1:32:00,0:55:20,-,10:30 PM,,,,,,
10/31/2023,7:51:00 AM,8:20:34 AM,8:32:52 AM,7:07:00,7:00:17,7:05:10,0.9889,12:11:50 AM,11:44:00 PM,77,77.4,0:23:00,0:41:50,-,10:30 PM,,,,,,
10/30/2023,8:10:00 AM,8:23:51 AM,8:45:24 AM,7:32:00,7:02:51,7:05:50,0.9819,12:12:20 AM,11:34:00 PM,80,75.0,1:15:00,0:43:50,-,10:30 PM,,,,,,
10/29/2023,8:26:00 AM,8:33:09 AM,8:51:26 AM,7:02:00,7:01:09,6:59:15,1.0167,12:21:50 AM,12:24:00 AM,77,74.2,1:01:00,0:43:10,10:30:00 PM,10:30 PM,,,,,,
10/28/2023,9:30:00 AM,8:46:00 AM,8:54:32 AM,7:30:00,7:04:43,6:59:15,-,12:29:40 AM,-,- ,73.8,-,0:41:00,- ,,,,,,,
10/27/2023,7:48:00 AM,8:37:09 AM,8:45:44 AM,6:37:00,6:57:00,7:05:05,1.0201,12:31:51 AM,12:29:00 AM,76,74.7,0:48:00,0:42:00,- ,,,,,,,
10/26/2023,8:25:00 AM,8:43:30 AM,8:42:50 AM,7:01:00,7:02:00,7:11:55,1.0097,12:28:34 AM,12:14:00 AM,77,74.7,0:33:00,0:41:26,- ,,,,,,,
10/25/2023,8:14:00 AM,8:46:17 AM,8:38:20 AM,6:13:00,7:02:10,7:17:00,1.0319,12:26:00 AM,12:46:00 AM,65,74.0,0:11:00,0:40:09,- ,,,,,,,
10/24/2023,8:14:00 AM,8:39:04 AM,8:42:14 AM,7:25:00,7:12:30,7:21:55,0.9910,12:21:09 AM,11:47:00 PM,76,75.8,0:35:00,0:45:00,- ,,,,,,,
10/23/2023,9:15:00 AM,8:47:51 AM,8:47:46 AM,7:20:00,7:00:30,7:14:30,1.0215,12:29:09 AM,12:31:00 AM,75,75.3,1:11:00,0:49:30,- ,,,,,,,
10/22/2023,9:56:00 AM,9:02:43 AM,8:50:46 AM,7:27:00,6:57:30,7:10:15,1.0493,12:28:50 AM,1:11:00 AM,79,75.2,0:48:00,0:45:00,,,,,,,,
10/21/2023,8:28:00 AM,9:00:30 AM,8:42:04 AM,6:36:00,7:09:40,7:13:10,1.0313,12:23:40 AM,12:45:00 AM,76,74.4,0:48:00,0:40:10,,,,,,,,
10/20/2023,8:32:30 AM,9:06:51 AM,8:39:10 AM,7:12:00,7:23:30,7:16:33,1.0042,12:12:20 AM,12:06:00 AM,73,74.6,0:44:00,0:38:36,,,,,,,,
10/18/2023,8:44:30 AM,8:56:13 AM,8:37:34 AM,,7:31:50,7:21:22,0.9972,12:00:00 AM,11:56:00 PM,76,76.8,0:24:00,0:35:24,,,,,,,,
10/17/2023,7:23:30 AM,8:41:56 AM,8:38:32 AM,7:15:00,7:29:00,7:19:40,1.0083,12:00:10 AM,12:12:00 AM,73,76.0,-,0:44:36,,,,,,,,
10/16/2023,9:15:30 AM,8:41:04 AM,8:39:52 AM,6:13:00,7:17:43,7:19:25,1.0299,11:51:10 PM,12:43:00 AM,74,74.8,1:02:00,0:44:36,,,,,,,,
10/15/2023,10:59:00 AM,8:40:39 AM,8:45:58 AM,7:02:00,7:20:00,7:25:50,,11:42:10 PM,,,73.2,0:44:00,0:41:36,,,,,,,,
10/14/2023,9:40:30 AM,8:28:56 AM,8:35:44 AM,8:40:00,7:28:34,7:25:05,1.0278,11:41:26 PM,12:40:00 AM,77,74.3,0:19:00,0:37:48,,,,,,,,
10/13/2023,9:12:30 AM,8:31:43 AM,8:31:04 AM,7:59:00,7:16:40,7:18:16,0.9840,11:31:40 PM,11:37:00 PM,84,75.3,-,0:38:00,,9:00 PM,,,,,,
10/12/2023,7:18:00 AM,8:19:17 AM,8:25:56 AM,8:02:00,7:17:40,7:11:11,0.9528,11:28:00 PM,10:52:00 PM,72,73.6,0:28:00,0:43:00,,7:00 PM,,,,,,
10/11/2023,7:04:30 AM,8:23:04 AM,8:27:54 AM,7:12:00,7:07:30,7:08:49,0.9979,11:37:00 PM,11:57:00 PM,67,73.8,1:10:00,0:43:00,,7:00 PM,,,,,,
10/10/2023,7:17:30 AM,8:32:13 AM,8:29:30 AM,5:56:00,7:07:30,7:08:38,0.9708,11:35:20 PM,11:18:00 PM,66,76.0,- ,0:38:10,,7:20 PM,,,,,,
10/9/2023,9:12:30 AM,8:46:43 AM,8:32:30 AM,6:29:00,7:23:10,7:10:22,0.9924,11:45:10 PM,11:49:00 PM,80,78.2,0:47:00,0:39:34,,7:37 PM,,,,,,
10/8/2023,9:37:00 AM,8:34:00 AM,8:27:30 AM,8:02:00,7:27:10,7:11:11,0.9840,11:47:20 PM,11:37:00 PM,83,77.6,0:25:00,0:37:17,,7:37 PM,,,,,,
10/7/2023,10:00:00 AM,8:44:00 AM,8:22:20 AM,,7:20:12,7:09:05,,12:10:00 AM,,,76.8,0:20:00,0:42:43,9:00:00 PM,7:37 PM,,,,,,
10/6/2023,7:45:30 AM,8:30:30 AM,8:10:48 AM,8:05:00,7:13:40,7:06:40,0.9688,12:14:43 AM,11:15:00 PM,73,76.2,1:08:00,0:42:17,5:00:00 PM,7:10 PM,,,,,,
10/5/2023,7:44:30 AM,8:36:56 AM,8:22:20 AM,7:01:00,7:08:50,7:09:00,0.9903,12:18:43 AM,11:46:00 PM,78,76.3,0:28:00,0:41:26,,8:15 PM,,,,,,
10/4/2023,8:08:30 AM,8:38:30 AM,8:28:20 AM,7:12:00,7:10:20,7:00:05,0.9910,12:15:43 AM,11:47:00 PM,77,76.0,0:41:00,0:42:43,8:00:00 PM,8:15 PM,,,,,,
10/3/2023,8:59:00 AM,8:35:30 AM,8:25:56 AM,7:30:00,7:00:50,7:02:55,1.0118,12:21:09 AM,12:17:00 AM,77,75.5,0:48:00,0:43:00,8:30:00 PM,9:37 PM,,,,,,
10/2/2023,7:43:30 AM,8:22:34 AM,8:22:10 AM,6:53:00,6:52:10,7:02:05,1.0014,12:15:43 AM,12:02:00 AM,79,73.8,0:31:00,0:42:00,,9:37 PM,,,,,,
10/1/2023,10:47:00 AM,8:25:17 AM,8:22:10 AM,,6:59:50,6:58:45,1.0785,12:04:09 AM,1:53:00 AM,73,73.2,1:03:00,0:44:45,,9:50 PM,,,,,,
9/28/2023,8:25:30 AM,8:01:04 AM,8:09:12 AM,6:41:00,6:57:00,6:57:51,1.0299,11:49:00 PM,12:43:00 AM,74,73.0,0:17:00,0:38:40,,9:30 PM,,,,,,
9/27/2023,8:30:30 AM,8:00:13 AM,8:14:52 AM,7:36:00,7:13:00,6:58:18,0.9882,11:30:51 PM,11:43:00 PM,76,73.0,1:02:00,0:49:30,,9:30 PM,,,,,,
9/26/2023,7:55:30 AM,7:48:17 AM,8:09:38 AM,7:10:00,6:52:43,6:52:37,0.9757,11:43:26 PM,11:25:00 PM,74,74.2,0:37:00,0:37:00,,9:30 PM,,,,,,
9/25/2023,7:47:30 AM,8:11:34 AM,8:14:02 AM,6:15:00,6:57:51,6:53:00,1.0174,11:54:34 PM,12:25:00 AM,67,73.3,,,10:45:00 PM,9:30 PM,,,,,,
9/22/2023,7:28:30 AM,8:24:00 AM,8:16:28 AM,6:38:00,7:07:09,6:47:18,0.9854,11:53:09 PM,11:39:00 PM,75,74.7,,,8:30:00 PM,8:53 PM,,,,,,
9/21/2023,8:02:30 AM,8:24:34 AM,8:27:02 AM,7:39:00,7:03:34,6:50:14,0.9451,11:56:43 PM,10:41:00 PM,72,75.0,,,10:15:00 PM,9:23 PM,,,,,,
9/20/2023,7:57:30 AM,8:24:34 AM,8:16:36 AM,6:40:00,6:56:09,6:46:37,1.0049,12:07:26 AM,12:07:00 AM,74,74.8,,,8:30:00 PM,9:06 PM,,,,,,
9/19/2023,8:19:30 AM,8:22:34 AM,8:21:08 AM,8:33:00,6:57:09,6:53:51,0.9417,12:09:00 AM,10:36:00 PM,83,74.7,,,,9:06 PM,,,,,,
9/18/2023,7:07:00 AM,8:15:51 AM,8:26:04 AM,5:14:00,6:38:26,6:33:00,1.0493,12:33:43 AM,1:11:00 AM,69,74.0,,,,9:06 PM,,,,,,
9/16/2023,10:38:30 AM,8:39:13 AM,8:41:12 AM,7:46:00,6:55:43,6:44:09,1.0299,12:33:09 AM,12:43:00 AM,75,74.8,,,,9:06 PM,,,,,,
9/15/2023,9:14:30 AM,8:09:43 AM,8:37:52 AM,7:20:00,6:32:09,6:38:14,1.0104,12:31:51 AM,12:15:00 AM,77,75.3,,,8:20:00 PM,9:06 PM,,,,,,
9/14/2023,7:32:30 AM,8:07:51 AM,8:37:22 AM,6:13:00,6:31:34,6:44:28,1.0028,12:34:09 AM,12:04:00 AM,71,72.0,,,10:30:00 PM,9:30 PM,,,,,,
9/13/2023,8:02:30 AM,8:15:13 AM,8:41:44 AM,6:47:00,6:37:09,6:49:55,0.9972,12:39:10 AM,11:56:00 PM,73,72.8,,,,7:30 PM,,,,,,
9/12/2023,7:43:30 AM,8:33:00 AM,8:45:16 AM,6:47:00,6:49:34,6:49:42,1.0125,12:46:50 AM,12:18:00 AM,79,73.5,,,8:30:00 PM,7:30 PM,,,,,,
9/11/2023,7:32:30 AM,8:13:21 AM,8:52:06 AM,6:22:00,6:26:00,6:45:42,1.0618,12:50:40 AM,1:29:00 AM,74,74.2,,,,6:30 PM,,,,,,
9/9/2023,9:50:30 AM,8:26:39 AM,8:59:58 AM,7:15:00,6:37:00,6:42:00,1.0465,12:36:40 AM,1:07:00 AM,78,71.5,,,,6:30 PM,,,,,,
9/6/2023,7:12:00 AM,8:24:13 AM,9:04:26 AM,5:01:00,6:30:26,6:42:42,1.0236,12:39:10 AM,12:34:00 AM,57,71.0,,,,6:30 PM,,,,,,
9/5/2023,9:01:30 AM,8:55:56 AM,9:16:10 AM,7:16:00,7:01:51,6:49:42,1.0215,12:40:50 AM,12:31:00 AM,76,70.7,,,,6:30 PM,,,,,,
9/4/2023,8:24:00 AM,9:02:39 AM,9:17:46 AM,6:52:00,7:03:00,6:52:14,,12:48:50 AM,,77,71.0,,,6:30:00 PM,7:37 PM,,,,,,
8/27/2023,10:07:00 AM,9:08:47 AM,9:17:48 AM,8:14:00,7:01:51,6:54:55,1.0292,12:52:00 AM,12:42:00 AM,83,70.3,,,- ,8:37 PM,,,,,,
8/15/2023,5:26:00 AM,8:56:04 AM,9:15:08 AM,4:02:00,6:42:00,6:53:18,1.0285,1:01:00 AM,12:41:00 AM,58,68.7,,,- ,9:15 PM,,,,,,
8/14/2023,9:05:30 AM,9:26:00 AM,9:30:58 AM,7:39:00,6:55:09,7:09:28,1.0035,1:14:26 AM,12:05:00 AM,75,70.7,,,,9:15 PM,,,,,,
8/13/2023,9:33:30 AM,9:28:56 AM,9:30:00 AM,6:29:00,6:53:00,7:08:09,1.0569,1:17:51 AM,1:22:00 AM,55,68.8,,,,9:15 PM,,,,,,
8/12/2023,10:54:00 AM,9:28:30 AM,9:36:26 AM,8:41:00,6:53:26,7:10:46,1.0306,1:21:34 AM,12:44:00 AM,78,71.8,,,,9:15 PM,,,,,,
8/11/2023,9:48:30 AM,9:29:00 AM,9:37:12 AM,7:24:00,6:46:00,6:56:05,1.0549,1:32:26 AM,1:19:00 AM,73,71.2,,,8:45:00 PM,8:56 PM,,,,,,
8/10/2023,9:07:00 AM,9:31:47 AM,9:45:24 AM,6:44:00,6:46:26,6:55:28,1.0493,1:31:51 AM,1:11:00 AM,73,71.7,,,8:30:00 PM,9:00 PM,,,,,,
8/9/2023,8:38:00 AM,9:34:26 AM,9:52:34 AM,5:55:00,6:56:17,6:59:14,1.0729,1:35:20 AM,1:45:00 AM,70,72.8,,,10:30:00 PM,8:45 PM,,,,,,
8/7/2023,8:55:30 AM,9:32:30 AM,9:55:28 AM,5:34:00,7:10:09,7:10:37,1.0938,1:33:24 AM,2:15:00 AM,64,73.3,,,- ,7:40 PM,,,,,,
8/4/2023,9:26:00 AM,9:37:00 AM,9:58:10 AM,7:24:00,7:25:34,7:22:09,1.0201,1:23:00 AM,12:29:00 AM,73,74.7,,,,7:22 PM,,,,,,
8/3/2023,9:30:30 AM,9:36:39 AM,9:54:20 AM,6:32:00,7:22:34,7:18:28,1.0750,1:41:00 AM,1:48:00 AM,74,75.2,,,,7:22 PM,,,,,,
7/31/2023,10:57:30 AM,9:31:00 AM,9:53:50 AM,7:49:00,7:13:43,7:20:55,1.0833,1:37:30 AM,2:00:00 AM,76,76.2,,,8:00:00 PM,6:54 PM,,,,,,
7/30/2023,10:08:00 AM,9:32:47 AM,10:00:52 AM,7:27:00,7:09:00,7:11:23,1.0521,1:15:00 AM,1:15:00 AM,80,75.0,,,,6:37 PM,,,,,,
7/28/2023,9:25:30 AM,9:41:00 AM,10:09:18 AM,7:53:00,7:09:51,7:09:00,,,,73,74.8,,,7:45:00 PM,6:42 PM,,,,,,
7/27/2023,8:24:30 AM,10:01:51 AM,10:09:02 AM,7:32:00,7:14:09,7:12:37,,,,72,75.3,,,7:15:00 PM,6:26 PM,,,,,,
7/26/2023,9:27:00 AM,10:23:17 AM,10:12:46 AM,7:22:00,7:18:43,7:20:18,,,,76,76.3,,,6:30:00 PM,6:10 PM,,,,,,
7/25/2023,9:23:30 AM,10:22:30 AM,10:09:26 AM,7:03:00,7:12:09,7:21:28,,,,80,76.8,,,,6:00 PM,,,,,,
7/24/2023,8:51:00 AM,10:24:17 AM,10:07:44 AM,5:30:00,7:12:17,7:26:14,,,,69,75.8,,,5:00:00 PM,6:00 PM,,,,,,
7/20/2023,11:10:00 AM,10:21:04 AM,10:08:22 AM,7:16:00,7:14:26,7:38:42,,,,79,77.3,,,,7:50 PM,,,,,,
7/19/2023,11:05:30 AM,10:05:47 AM,10:04:20 AM,7:33:00,7:11:34,7:32:37,,,,76,75.8,,,7:00:00 PM,7:50 PM,,,,,,
7/18/2023,11:51:30 AM,10:19:43 AM,9:53:08 AM,8:23:00,7:21:09,7:28:37,,,,78,75.5,,,-,8:00 PM,,,,,,
7/15/2023,10:54:30 AM,10:23:00 AM,9:42:58 AM,8:04:00,7:28:09,7:24:05,,,,79,76.2,,,-,8:00 PM,,,,,,
7/14/2023,9:21:30 AM,10:09:43 AM,9:37:51 AM,6:36:00,7:24:17,7:20:27,,,,74,77.0,,,6:00:00 PM,8:23 PM,,,,,,
7/13/2023,9:36:00 AM,10:09:34 AM,9:39:07 AM,7:04:00,7:37:00,7:24:54,,,,78,77.8,,,,7:16 PM,,,,,,
7/12/2023,8:28:30 AM,10:01:09 AM,9:39:23 AM,5:45:00,7:46:43,7:27:13,,,,70,78.2,,,10:30:00 PM,7:19 PM,,,,,,
7/11/2023,9:23:00 AM,10:05:21 AM,9:45:49 AM,6:56:00,7:48:26,7:40:00,,,,74,80.0,,,-,7:19 PM,,,,,,
7/9/2023,12:43:00 PM,10:02:09 AM,9:48:06 AM,8:40:00,7:46:17,7:46:17,,,,82,80.2,,,7:30:00 PM,7:19 PM,,,,,,
7/8/2023,12:14:30 PM,9:40:13 AM,9:28:40 AM,9:12:00,7:37:20,7:37:20,,,,84,79.0,,,-,7:52 PM,,,,,,
7/7/2023,9:21:30 AM,9:06:21 AM,9:07:56 AM,7:37:00,7:18:24,7:18:24,,,,79,76.5,,,9:35:00 PM,7:45 PM,,,,,,
7/6/2023,9:20:30 AM,9:06:00 AM,9:06:00 AM,8:05:00,7:13:45,7:13:45,,,,80,76.8,,,1:30:00 PM,7:10 PM,,,,,,
7/5/2023,8:37:00 AM,9:03:35 AM,9:03:35 AM,8:12:00,6:56:40,6:56:40,,,,81,77.0,,,7:30:00 PM,8:54 PM,,,,,,
7/4/2023,8:58:00 AM,9:08:54 AM,9:08:54 AM,5:57:00,6:19:00,6:19:00,,,,75,76.2,,,10:30:00 PM,9:11 PM,,,,,,
7/3/2023,9:00:30 AM,9:11:38 AM,9:11:38 AM,6:41:00,6:41:00,6:41:00,,,,75,76.5,,,-,9:11 PM,,,,,,
7/2/2023,10:09:30 AM,9:15:20 AM,9:15:20 AM,,,,,,,69,77.0,,,10:15:00 PM,8:39 PM,,,,,,
7/1/2023,8:17:30 AM,8:48:15 AM,8:48:15 AM,,,,,,,81,81.0,,,7:15:00 PM,8:02 PM,,,,,,
6/30/2023,9:19:00 AM,9:19:00 AM,9:19:00 AM,,,,,,,81,81.0,,,6:00:00 PM,8:09 PM,,,,,,
,,,,,,,,,,,#DIV/0!,,,11:59:00 PM,8:19 PM,,,,,,
,,,,,,,,,,,,,,,7:36 PM,,,,,,
,,,,,,,,,,,,,,10:30:00 PM,7:36 PM,,,,,,
,,,,,,,,,,,,,,6:00:00 PM,6:52 PM,,,,,,
,,,,,,,,,,,,,,6:30:00 PM,7:10 PM,,,,,,
,,,,,,,,,,,,,,8:00:00 PM,7:30 PM,,,,,,
,,,,,,,,,,,,,,7:00:00 PM,7:45 PM,,,,,,
,,,,,,,,,,,,,,- ,8:30 PM,,,,,,
,,,,,,,,,,,,,,,8:30 PM,,,,,,
,,,,,,,,,,,,,,,8:30 PM,,,,,,
,,,,,,,,,,,,,,,8:30 PM,,,,,,
,,,,,,,,,,,,,,,8:30 PM,,,,,,
,,,,,,,,,,,,,,8:30:00 PM,8:30 PM,,,,,,
,,,,,,,,,,,,,,,8:30 PM,,,,,,
,,,,,,,,,,,,,,,8:30 PM,,,,,,
,,,,,,,,,,,,,,8:30:00 PM,8:30 PM,,,,,,
,,,,,,,,,,,,,,,8:30 PM,,,,,,
,,,,,,,,,,,,,,,8:15 PM,,,,,,
,,,,,,,,,,,,,,,8:15 PM,,,,,,
,,,,,,,,,,,,,,,7:50 PM,,,,,,
,,,,,,,,,,,,,,,7:50 PM,,,,,,
,,,,,,,,,,,,,,8:30:00 PM,8:00 PM,,,,,,
,,,,,,,,,,,,,,,7:50 PM,,,,,,
,,,,,,,,,,,,,,8:00:00 PM,7:50 PM,,,,,,
,,,,,,,,,,,,,,?,8:10 PM,,,,,,
,,,,,,,,,,,,,,7:00:00 PM,7:52 PM,,,,,,
,,,,,,,,,,,,,,?,7:52 PM,,,,,,
,,,,,,,,,,,,,,8:30:00 PM,8:36 PM,,,,,,
,,,,,,,,,,,,,,?,8:42 PM,,,,,,
,,,,,,,,,,,,,,,8:15 PM,,,,,,
,,,,,,,,,,,,,,9:00:00 PM,8:15 PM,,,,,,
,,,,,,,,,,,,,,7:00:00 PM,8:44 PM,,,,,,
,,,,,,,,,,,,,,7:00:00 PM,8:52 PM,,,,,,
,,,,,,,,,,,,,,11:30:00 PM,8:34 PM,,,,,,
,,,,,,,,,,,,,,9:00:00 PM,7:57 PM,,,,,,
,,,,,,,,,,,,,,6:00:00 PM,7:27 PM,,,,,,
,,,,,,,,,,,,,,,7:39 PM,,,,,,
,,,,,,,,,,,,,,11:59:00 PM,7:25 PM,,,,,,
,,,,,,,,,,,,,,7:45:00 PM,7:21 PM,,,,,,
,,,,,,,,,,,,,,5:15:00 PM,7:17 PM,,,,,,
,,,,,,,,,,,,,,7:45:00 PM,7:30 PM,,,,,,
,,,,,,,,,,,,,,6:00:00 PM,7:21 PM,,,,,,
,,,,,,,,,,,,,,7:15:00 PM,7:30 PM,,,,,,
,,,,,,,,,,,,,,6:00:00 PM,7:15 PM,,,,,,
,,,,,,,,,,,,,,11:30:00 PM,7:32 PM,,,,,,
,,,,,,,,,,,,,,7:15:00 PM,6:40 PM,,,,,,
,,,,,,,,,,,,,,6:45:00 PM,7:00 PM,,,,,,
,,,,,,,,,,,,,,6:45:00 PM,7:06 PM,,,,,,
,,,,,,,,,,,,,,7:00:00 PM,7:19 PM,,,,,,
,,,,,,,,,,,,,,5:30:00 PM,7:27 PM,,,,,,
,,,,,,,,,,,,,,8:00:00 PM,7:30 PM,,,,,,
,,,,,,,,,,,,,,5:30:00 PM,7:30 PM,,,,,,
,,,,,,,,,,,,,,9:30:00 PM,7:55 PM,,,,,,
,,,,,,,,,,,,,,7:30:00 PM,7:42 PM,,,,,,
,,,,,,,,,,,,,,8:15:00 PM,7:55 PM,,,,,,
,,,,,,,,,,,,,,8:00:00 PM,7:53 PM,,,,,,
,,,,,,,,,,,,,,5:45:00 PM,7:53 PM,,,,,,
,,,,,,,,,,,,,,8:00:00 PM,7:55 PM,,,,,,
,,,,,,,,,,,,,,8:30:00 PM,7:55 PM,,,,,,
,,,,,,,,,,,,,,8:00:00 PM,7:48 PM,,,,,,
,,,,,,,,,,,,,,9:00:00 PM,7:45 PM,,,,,,
,,,,,,,,,,,,,,8:00:00 PM,7:20 PM,,,,,,
,,,,,,,,,,,,,,8:00:00 PM,7:00 PM,,,,,,
,,,,,,,,,,,,,,6:00:00 PM,6:00 PM,,,,,,